broker,scenario,total_messages,producers,message_size,run,throughput,avg_latency,p50,p95,p99
kafka,low-load,10,1,10,1,0.993332,69527750.76,69527171.18,69531161.99,69531161.99
kafka,low-load,10,1,10,2,0.998933,1318.09,1008.01,1011.55,1011.55
